"HolderAddress","Quantity","PendingBalanceUpdate"
"0xf52393e120f918ffba50410b90a29b1f8250c879","257","No"
"0xb2f4b16595e02a9721f97e3e30fb5bbbf73f5f54","163","No"
"0x7c00c9f0e7aed440c0c730a9bd9ee4f49de20d5c","103","No"
"0x4f74a486087b968798df4d1edf084adff911b3cb","62","No"
"0x66e5761a2103d7d3537d6ac45570a0a9831c7f7a","49","No"
"0xa655c36eba808148497aed8bacd1c8cf6c59335c","48","No"
"0x3259ebc7b7b5f6f4d5ed3066366f11a3c4452a39","41","No"
"0xb394f1aa30ba874df3ae6097bf4c2474b2d8f3ac","37","No"
"0xd693340a27908fc73c14739cf36ed2541446275d","36","No"
"0x7485ac6d8534691993348d51ab0f131a19fff763","34","No"
"0xe53ab42ef1cc3da793de5fe281f564b1946357b6","34","No"
"0x4f9997213124846ed58215c13835d4a22e10e14a","33","No"
"0x2afa2dae85a779b6098f03466c2a29d5a86af707","31","No"
"0x4ff05543d3a53ce52da701fba2af11255f0a066c","31","No"
"0x9f7064dfe6ca5856b3afd7a3b3974686a35bdab5","31","No"
"0xcd4fec10c8ad4873e209062b31defb684ff8cb7c","29","No"
"0xc8c4ab6e1e7dcc4e2957244baba86ed937dc0ee8","28","No"
"0x63009ae2bad374c3adaca32c220f704581363af4","27","No"
"0x000000000000000000000000000000000000dead","26","No"
"0x2dce231cd14daef55d6ab0654da7c58b23100782","26","No"
"0xa2b3b5c4ab5f3d3afdd2f73352a852a6e8c4df65","25","No"
"0x990050d60f99c23c8e546856955fba5cdd5844db","24","No"
"0x5f7190b7943858b7bdd24f069241612091c6a986","23","No"
"0xb653d0904d022893cf83cb3b666fd84656d04cbf","23","No"
"0x5b10d7201020cc1dd6bf13df667a2af41dfeae3a","22","No"
"0x614a61a3b7f2fd8750acaad63b2a0cfe8b8524f1","22","No"
"0xbf5c6d85510e491cd45d1264fffec0c2c4282564","22","No"
"0x3df364ed7e8a887f7f9c240f7e281a4ea05ce03f","21","No"
"0xb53f052f717a340147f71fdd9659c2c008b35a52","18","No"
"0xbe3bf9bb42bf423695b792250be206c9a58e2de1","18","No"
"0xd2419d57841517124b096d73a9bf804732aadc65","18","No"
"0x65d472172e4933aa4ddb995cf4ca8bef72a46576","17","No"
"0xa16ce88f9f702d390244ce016f9416b23c9c3027","17","No"
"0xd2af803ad747ea12acf5ae468056703ae48785b5","17","No"
"0x4b35237538fe70863d7e7bbbc83f3f621c6c4fb9","16","No"
"0x52af787439a82f36d6ef6b0da0f0e5ecce29ff90","15","No"
"0x791fad8329a0a56e2ce98380d6d6fda3302337da","15","No"
"0x9eec0b5bd8a48047f0dcc61e98b4b92951480f98","15","No"
"0xa420d99a9859cf648134d70669f426398c2cdf31","15","No"
"0x36bd6221c2016371c3af00071726578b91acb007","14","No"
"0x442dccee68425828c106a3662014b4f131e3bd9b","14","No"
"0x8c9897c494deaa0e0b642f33770072ef5bcbf73d","14","No"
"0x130fab6829a0726133d0f13e31f6533b1b44c877","13","No"
"0x30602250c5f1fcba5407e99b1dfaab992ea4ffd2","13","No"
"0x89cc08700dcba9d4bad5295dee2a111b90b39917","13","No"
"0x90162ad4623910bd53ea3c1f64acbf360678f8ba","13","No"
"0x113357126ac9c3ffb859860c495aa08551207f40","12","No"
"0xa4d8b04a7e326caf2a5a2ee1905fd18da51d3e59","12","No"
"0xbd72d021d3cb334deb3151db905ee073b8eee518","12","No"
"0x576a655161b5502dcf40602be1f3519a89b71658","11","No"
"0x65018d3cfc95981bf2c104a7c0a786009ba45e13","11","No"
"0x8b39630a4b665bdb070c855d1f8f64cf0a76abe4","11","No"
"0xb45714bd67b88a178b19bd813e85b36eb0683e10","11","No"
"0xfec33a90737254dcf9aa33188a11f32797197f93","11","No"
"0x268169a19bca3435451207f70be15436ed142f42","10","No"
"0x41e98e5d04f6cc55daa3c3acfd94d4f4c453ffdb","10","No"
"0x8ead16bedbcadf94669729c083f27c77772ab164","10","No"
"0x35a8fb13a3af83ad1002aef2a7fa4733f7bc8794","9","No"
"0x52a5ff2b96b7e95f6096ac42f1b20922d2f6b2f7","9","No"
"0x6d4fdc55136dee5fb4f27a278c9cc35ad01d2d3c","9","No"
"0x80924056d194b67b499b36100e63381a27838ded","9","No"
"0x93811dabfbee9736035025cba91491d7747cfd47","9","No"
"0xa0ab8eddf14a5174688e2eb1bdb69cdf377142c3","9","No"
"0xc887fadc6baaa8cd234d9104a65b37265522b024","9","No"
"0xcc61aaafaac195706ccb5e59e48fcbde7afec199","9","No"
"0xe538bae1a0fe4048e92544b3c67e5e0f340830d2","9","No"
"0x007880443b595eb375ab6b6566ad9a52630659ff","8","No"
"0x27d6b42f27bf312603a38f07edf29bcc510ba5a1","8","No"
"0x7891f796a5d43466fc29f102069092aef497a290","8","No"
"0x7911670881a81f8410d06053d7b3c237ce77b9b4","8","No"
"0x859b1609872311b37bccc7ef82f665218d42f4fd","8","No"
"0xd4d350e0e7730660e6cdf532d613cdfe775d6513","8","No"
"0xda5b2cd0d0bb26e79fb3210233ddabdb7de131c9","8","No"
"0xe13d4abee4b304b67c52a56871141cad1b833aa7","8","No"
"0xebf02c6e12c3ee119abba161c40bfeead0a06b15","8","No"
"0xf2240715a8944c634977efe0b2c315cbc7157766","8","No"
"0xfb4c65f1dd92ae419f8d52e0ed3d94775476b900","8","No"
"0x8c01de512c9fb73c0e9fccdc1ae4d2644db65030","7","No"
"0xaf5db504c5feafe6a5f30eb2c592ae6e1f82e354","7","No"
"0xb30db235c948987487f9b2e67d65530c71fcdfdd","7","No"
"0xb7f73311a823fa70059cf6e22a842c3bd64c53c3","7","No"
"0xba178ae12daa78de6592847cf8bb26508ae5d5db","7","No"
"0xd7517b73ef1e0f91320acadae2db6985c285a29f","7","No"
"0xe8bf704e1e27067c664177a851166021e96c1071","7","No"
"0x1145f2b36876e8e7ca8aec737f6e6c6ef9bebcb6","6","No"
"0x3376d8278a123e02aee2846ac91dcfd987cde86f","6","No"
"0x490a4fdc7a1a35b5c2c3e9418dce793fce027bb2","6","No"
"0x61987699055394c65355f2797d3e4e589f7fabf4","6","No"
"0x76adc7dccfff0c41e02a1b93a22cf269bb40cf46","6","No"
"0x79fd2f15e0ea8c27b5192259f9da63f4e562f021","6","No"
"0x87085d8d22d688e7ac9da3384127169f83e059e6","6","No"
"0x8d7c3921ecf289a2c272529d0bd57f9c2e3f997a","6","No"
"0x8d894500675c860d86619cc77742b8dca7ef74e2","6","No"
"0x8ec2ba6d8a8726c18efad00c3f5db9d0c48647f4","6","No"
"0xd387a6e4e84a6c86bd90c158c6028a58cc8ac459","6","No"
"0x1cb617af52dca15fc73887fdf05f6b79baa23f9c","5","No"
"0x1e98e2eed6917f0ee86e79aa4dc796c20089a517","5","No"
"0x37b2199f06ce7c100bb2a4c45bfc0bd895bd5c00","5","No"
"0x423aa33d6317eab368c7027c97b2ad98b9797577","5","No"
"0x44e9d011df8741be2493e99297e9ad67bb1aa85b","5","No"
"0x4ba63d7f1a65ebc8be640a5d6bee9c02336a154c","5","No"
"0x568f888e808621bde2f8f6511bfcf952732ae70c","5","No"
"0x5e7ba2e906012273619c31f32139038a79d18920","5","No"
"0x8c42313ff71b7c816365ea1b546e450838000578","5","No"
"0x9788e8a2de43664da334c3cf8f69041fe5858470","5","No"
"0x986ccf030a018f8190e7cf488ba9fec8df058199","5","No"
"0xa1acaddd259649d470b42c95738e5e89c8d8a233","5","No"
"0xc2f82a1f287b5b5aebff7c19e83e0a16cf3bd041","5","No"
"0xe4347d34d8c0c941926e84b56cb9dfcbcf4154fa","5","No"
"0xfacef700458d4fc9746f7f3e0d37b462711ff09e","5","No"
"0x05d48ee3e815bf376fc79d283301cfdef872e280","4","No"
"0x1e341aa44c293d95d13d778492d417d1be4e63d5","4","No"
"0x2334d91317950c19a6c21c69d69f5ab8a8f275fa","4","No"
"0x32ab4262df2c10ccc199f5f8e7332ed507ef3ea5","4","No"
"0x3401ea5a8d91c5e3944962c0148b08ac4a77f153","4","No"
"0x4410bb5accef3848bc7b64131ceb3d54740682e8","4","No"
"0x4813a27c8fd7e87de04b53af2d8c0450df110811","4","No"
"0x6e63a4caeccb4f341ee9c9175c9cc554bdb6d10b","4","No"
"0x7df748c0587ffe7e30bb10d5e28d611d408591e4","4","No"
"0x98a70481d671cbc5f90c63f4da9523a96dc659ff","4","No"
"0xa47deaac5cb4deccc64fcd64ace2f698952aee2a","4","No"
"0xa7a0206154b0f3d4564cd643b285ed6d65d2c953","4","No"
"0xb6aa2932e1aa279f5da11c4450683bad037f2486","4","No"
"0xb789221616c7be137f33d545758f5510591d725e","4","No"
"0xce9332f4d44e9efccc64f88c9bd23e288c0ae5a2","4","No"
"0xd07f992158e06681d7ab949bd365150cbafbc281","4","No"
"0xd4854ff80a45c8039937d299f5e02ddfea4f4038","4","No"
"0xe9b95c6f15a6ffb1b5e6036eafd298a40db9cffc","4","No"
"0x02404a0eee532466174096d57f5d3739dbd6439a","3","No"
"0x09447f57dcb8d8b04829d969f5d6ce1fc7ef7a64","3","No"
"0x1099b5eaf607a0df14f5da3c6c8fd06c74d23de0","3","No"
"0x14287e62b859a3a5e19b3c2d59ed1f12ac94ba4c","3","No"
"0x1da560083b4a4b420d1978caa9ccf2d00033d5bd","3","No"
"0x223716c5aa5fd892c0daff1f24d4531272e8b12d","3","No"
"0x2be4aaa52893219ec124c8afc8168b7a6103811a","3","No"
"0x2e307ceab1b4c5f4cac508e3b13c3dbfe86a3c81","3","No"
"0x3433c2753da24df566ea14c40584179e97396cf3","3","No"
"0x39234c93241ea0bf37de57cb9ccc5fab4323efb7","3","No"
"0x3940df24a8ddc6a4085f567ad5f7f33a9a46ee01","3","No"
"0x4549ff6bcd56e4cc40dc09b790b341288a45bdf1","3","No"
"0x51f6f25684397fbcccd96f103777b5371de23ee7","3","No"
"0x581b3d2cdcd3911d9bbf503550c3f6c1f3c997b1","3","No"
"0x624fa21841f2cf8d7660057293f1a14ab98e690d","3","No"
"0x63244b5f1ebcb999ea012da652dffee6653bf8f5","3","No"
"0x70b26a35f8f308ef8286798c33b4f7a1811c7630","3","No"
"0x751f655ff4fbd7dd77f12e0f9ed5d0075cba1b5f","3","No"
"0x7f174fafb04f4bc8972519026a4446c6ff7cb2d8","3","No"
"0x81e5cd19323ce7f6b36c9511fbc98d477a188b13","3","No"
"0x898ec03947ef6b18d0064665fcd83cbef7b92f96","3","No"
"0x90e096816d321c437e205a96a63ba18e8707cfb7","3","No"
"0x983a185bb3fc31801dd9f508e9778bc1b40212c3","3","No"
"0x9d9a93305bab062a1547d1ca34d12a480b2290fa","3","No"
"0xa13e3b2eee863966c6703fe56ca60a4221c42cd6","3","No"
"0xb8dc9d4bbeb6705fdba1f89458a4bc2a2066a6c9","3","No"
"0xbc9f38b67b1ef4c9ea5283b54ddd296b1496b214","3","No"
"0xbcd78799974f8a5b9eda6b5b0ae6d90d29d3f9e0","3","No"
"0xbe7ae95e7fe74b234380ff4150587e31cb381267","3","No"
"0xbff32ae2f3e915a5118d3fe8e58cb6f47f2ce8f9","3","No"
"0xc454e2b4ebb3c74b2caf83e74067a8055b375e4e","3","No"
"0xc960c705300004fdf99a6c0060b5c9601ecc3e8e","3","No"
"0xe0677a330c449d861de7b56d5bda5afce2b9ad2d","3","No"
"0xe100cf9c1d7a96a7790cb54b86658572c755ab2f","3","No"
"0xe3a591b751440dcf47922e2294a7305e781323ff","3","No"
"0xe68218d42555a4be5a92ff90ae7d879990938cdc","3","No"
"0xec701a72388b8dd0a402d510f57ad1553717334e","3","No"
"0xeeeee101e4d8ddcfcf64e20f0d61c9b04a441f15","3","No"
"0xf1db8a2623193757317639d0532daa5e3c8ea20c","3","No"
"0xf503c4cac2b5a27f68eee197efb94e6fdeaa48d1","3","No"
"0xfab9a3d37999e12252b47468d2ffd4be15936012","3","No"
"0x0002fd0f1d0708fdf065d3625b2ee83d210d58d9","2","No"
"0x07320f3121bf16fd490439fb33bf39854641a0d0","2","No"
"0x08ceb8bba685ee708c9c4c65576837cbe19b9dea","2","No"
"0x0d4e6c333f014763f894010effbf126fcc6419b2","2","No"
"0x0ed0d0f3a5f831d1567ad6f8e58280977a1b205c","2","No"
"0x10c4ae8cadb51071b70c1ae4ed72df2be1a3ae3e","2","No"
"0x11051d33685f661c2f8a48465b77ec0a2fe7a51d","2","No"
"0x11e78ecaac509bf316c6dcfd5d4d2710b237ad9f","2","No"
"0x123be94bca3e5ae858039112d14c1c740a3989f9","2","No"
"0x1256e7992564ab22e332532472c916bd8d1e1ca7","2","No"
"0x183dacd810b01bdc46ebafef33a53a1c4b39907c","2","No"
"0x187dad1e0dd5e599091c2ec88e89afb4cde4b7a3","2","No"
"0x1b73fedebd8bd11420171fc9c79c46a608f1d46e","2","No"
"0x1d6f2f0356b3defadf14b1a0f8a3dcda89367d68","2","No"
"0x1f8a8ac54244e4016a376152b2f92d467552fa7b","2","No"
"0x1faa4096fd1238f914826979b6b1ff3c2661cfd2","2","No"
"0x21899fab7feeb22f7287f28675741753cc85a1c7","2","No"
"0x235f32bb3920bf99e9fa813a37fcebadaf9cdf39","2","No"
"0x2d891ed45c4c3eab978513df4b92a35cf131d2e2","2","No"
"0x2e90eab144506e3662f2ee222e1d311516513b80","2","No"
"0x2f0d1767a1de48f7328985c9915b85341418e901","2","No"
"0x31400d4673f4176df400424fef2b37ff4d9058d0","2","No"
"0x31daf5b8d8d6fc9320f9e049c124cd90ee490ee6","2","No"
"0x39cc9c86e67baf2129b80fe3414c397492ea8026","2","No"
"0x3ac11c4ede04648c7b80f9a48774839e3e428979","2","No"
"0x5140a2e4b1e8f39a3d06fbf135803acc75b65955","2","No"
"0x521b0fef9cdcf250abaf8e7bc798cbe13fa98692","2","No"
"0x549adf7b383a1645f26a2acfe09c5304b679a532","2","No"
"0x55b1eeeb65316129993e84ed2ced1472351ba1de","2","No"
"0x56cbeef8295ef28be1af4c15350d7c1fb0a99ef7","2","No"
"0x574bbb50b3a17a7341647e14ed39a4c77bda5b68","2","No"
"0x5aeedbc6b655c13950f32e5e8a0760d15bbe0afb","2","No"
"0x5c2b25c2fd3bd98f6ed0628238077f84916ea74a","2","No"
"0x5c4f49f86ac793d779c88451348e5e3db321f499","2","No"
"0x5d0ed5eb34c3de684e6c720892201c11f11c7bb0","2","No"
"0x6186290b28d511bff971631c916244a9fc539cfe","2","No"
"0x6304dddc77f9bd7e196f81e3dff6384ee5e61ba1","2","No"
"0x63a9dbce75413036b2b778e670aabd4493aaf9f3","2","No"
"0x65823fa145f5a79e4a1ed72be48ae15da10cd5d4","2","No"
"0x69df7dd293eeff309d8fa12126be3f5d2eb277e2","2","No"
"0x69e5c3157cc23f2e5c4b12fd2929e6346abd29ee","2","No"
"0x719da550453ff1afd4ce5cc648168d768d98f613","2","No"
"0x73ff129a689364996432a1a3a4587e3f132b67da","2","No"
"0x749f93bceb1f2512481112d149c938e15fb56e1b","2","No"
"0x760aafc261881f1bb0587ef76f0db9c592f7337e","2","No"
"0x770c03b369d66f17ffcee3b5b125bdd86a217ae8","2","No"
"0x7853010ab93f48ce78137703f7f0d21ace194d11","2","No"
"0x78ae7490d39939553d5f14aabf970cb8c4c3b81c","2","No"
"0x7bd52db13db3e23b5703b4226a610cda7f0f2b78","2","No"
"0x7be510709b0595ef57958709162e6bd7aedc188e","2","No"
"0x80ff949738e317d9032cef5c999a10183fe2fa4c","2","No"
"0x85c0c09570c955f6e07522e9ad6041716cbbb7fe","2","No"
"0x86ae652f7738f4b720da659a4ab73808450ad7e4","2","No"
"0x8a986425ea43885e331f038d1a3605860061076a","2","No"
"0x8b8db5b327a3d051367d78b4a028722ee06555f1","2","No"
"0x8c5a84e14310823285ec4b9ec9854f9059446975","2","No"
"0x8d3ebdf03460a9fe5ad4e3202c07bae6fcf67a94","2","No"
"0x8f9c8d7f8d44fd2486bcf0605efa5fd0c397a658","2","No"
"0x8fe8cd04ad2cffe0d09cc45386659ccf4dcfee48","2","No"
"0x90f440e449c47f4caf78c62c131dfc38ab491d4a","2","No"
"0x93c79c3ee2964efb7235b9f445f50e6ff9003ac1","2","No"
"0x9af481276b075e036bc23e887a8bd275e69ef74c","2","No"
"0xa13e1b3e5959378df847fce2161cee55df64cc1f","2","No"
"0xa3cb30128532f43fe1c8a9f4c19422aa631307a9","2","No"
"0xaca056daaa8241843a2d90057272024e9583de93","2","No"
"0xad36498aa9a482d522732e3324b9d2b343050f56","2","No"
"0xb127c71b853e68682e7292d05387e1ccc7888f4b","2","No"
"0xb1af13b2e4be55ca69829a23c09a1f5663adf8d0","2","No"
"0xb294ce56b0b12d0f32d61dca52bd39dae74e1156","2","No"
"0xb709c1d1c84c450841868174c08f037fc78ae132","2","No"
"0xb7973c6d5209b1bf5c198789830b67d5fe340dad","2","No"
"0xb9a3520eb5b9369e408ab33e581a4bd4950e4f35","2","No"
"0xbce3bd3b206946abbe094903ae2b4244b52fb4e9","2","No"
"0xbd9b7373aac15d9a93c810df3999343f4fe1ed88","2","No"
"0xbe781bb5cd6a89e3affc6abe0f5b74a2377db92e","2","No"
"0xc08f846cdbda1559716239bb53e9127c1378b543","2","No"
"0xc0d95fbb7bf19c7665a1c4042b683182b34e2150","2","No"
"0xcf4b92828c30f9691545e2d719ee35d4947a2de3","2","No"
"0xd210dc1dd26751503cbf1b8c9154224707820da8","2","No"
"0xd8b07bc1bc3bae553bca5e94e99935dc12df24ff","2","No"
"0xdc546f477f273bcf327297bf4adcb671b5f20be1","2","No"
"0xe2b003a5a9feae555f634d74687285c581bac262","2","No"
"0xe4c33e64a006f286b6b831cf468f7f5d50ffeac5","2","No"
"0xe7079eec020ddfc3f1c0abe1d946c55e6ed30eb3","2","No"
"0xe79b4674a45f29d46f65b9b185f92cc672a91d99","2","No"
"0xe8d848debb3a3e12aa815b15900c8e020b863f31","2","No"
"0xeae0ddad0ad7d62119d4cb4b8f8973a4d77d9407","2","No"
"0xecb0b7f67d927a3e5c9ec508a1747e2d66342acb","2","No"
"0xf251ca37a80200f7afeff398da0338f4c1f01249","2","No"
"0xf58d4bcf9bf4d30334dfed66d5d4db63147979b1","2","No"
"0xfa1c022f5aa019077a480a710927ab56d6eee640","2","No"
"0x0052d2e4af4548e6cf19e817b944cedb23ae09df","1","No"
"0x00a839de7922491683f547a67795204763ff8237","1","No"
"0x00ac3006e20c3b06ae71e897b56b475622601293","1","No"
"0x00c0a88dbae285cb3089bc958b4d30fc5f371d3c","1","No"
"0x019c9647667a21a3289f807d482d46d877b3cc06","1","No"
"0x033b09eebad17e824b646a37f3ad7fc92ca9d20b","1","No"
"0x04e93162fceb499e30155c637adbbd8abafd227b","1","No"
"0x068d9f17fbf0ccbf39bd8da421731fe86986bd3a","1","No"
"0x074cf2fefcda6d29103673d35deef82e7a075c1a","1","No"
"0x0aa78b747dfc137ef96b428951ebe32f9ac4efa3","1","No"
"0x0b4c5302b6727c496faa5ea3dc2af2560b269cc4","1","No"
"0x0ba248d14c1edeeff527854024c41fc60fc2b42b","1","No"
"0x0c4209c3c6f4ab7ca5ea8189175e79826b68e931","1","No"
"0x0d725b64d9e5f7c4f9c95d6bef168f80d1fc9d1d","1","No"
"0x0d895f9061a9da24547f428457f66ac8aa670336","1","No"
"0x0eb47beabd9ce2cab7cbed57aa6b040975bdc1b7","1","No"
"0x0f0eae91990140c560d4156db4f00c854dc8f09e","1","No"
"0x0f2e3e67cb000993d07e60261748963d3f4bd6d9","1","No"
"0x103ebcb394d1b22f1ac44406005b989dc3cfd505","1","No"
"0x106ac341e36e9ea5e6f5a439e194bbfd99c3db64","1","No"
"0x1094d4ac0a7485974a297a784cee593c81de0f1d","1","No"
"0x1111111111111111111111111111111111111111","1","No"
"0x1261968987c5cfa710cdcddddfbeab264cbd4e47","1","No"
"0x128501d05f14d91918d6d167c081342a0f6ec373","1","No"
"0x129cca387eacfe191d8edde1d8d9723b6b891a8b","1","No"
"0x1308a9227d34fd1376ebfdfa38b624ef8302b766","1","No"
"0x14a44663b89c4a1b4a4d94b347e03c149f30d221","1","No"
"0x15ca1c80ad98cde1abe01232e62ec3af75832567","1","No"
"0x16df45560dcbdc85825d2015bbd2f03fc5676b71","1","No"
"0x16fa0ca8cf9b69f7062e93d818d5ca2f9a321378","1","No"
"0x177cedede56c25174823424bec382df16bb03596","1","No"
"0x1786d033d5cbcc235b673e872c7613c2f83da583","1","No"
"0x18657f954aaa28325273f8d5f5ba68410083d004","1","No"
"0x19ac63521615455415a716f5dcbb49d065ae8092","1","No"
"0x1b5d031e630f8201968f3ab19605bfee3bb8daea","1","No"
"0x1bc3621fd2348d46fa54524d165d50b5163902ba","1","No"
"0x1cc1983396e55e925b777a0d70dfe8b56edee942","1","No"
"0x1d4aef433a91e8cb2ff37c2f0b785953441b64f4","1","No"
"0x1e8e749b2b578e181ca01962e9448006772b24a2","1","No"
"0x1efed205caede27da1135cd37a4192861a51100e","1","No"
"0x1fcacad2c00389a094e9dba11cdf5c936a854ad5","1","No"
"0x1fd9277f03bd18f740bffbf9f160f10bd8fa9f11","1","No"
"0x205a46012bc3c1a2583fdd426679dff276fb257e","1","No"
"0x208b82b04449cd51803fae4b1561450ba13d9510","1","No"
"0x21316e6a4f0af45e5f1503984e83b10c53b177d8","1","No"
"0x214ba11ed6ab3432d7200a375e2d5916700b44bd","1","No"
"0x2263ff234d52ae5bc2b110e1816b107d11f0713b","1","No"
"0x234e228a33b516500388ffae36034fa5bd2f668b","1","No"
"0x2408cb9d83d3cc41b24b2e5295268d235010b713","1","No"
"0x24a5ffc3e20f8b88baf5a9b1d90ee4da3915643b","1","No"
"0x24d1e52e43ba0a98bdc7eda0fe0dcd96dd0f7821","1","No"
"0x25fec9a78da3be5b19168fcab86743355772149f","1","No"
"0x264c798666d75c0d9a27d5bed19ab10a678c709f","1","No"
"0x27cac177d978a9630bb940364f32db1475af0de3","1","No"
"0x294803520a1e7b671c105c8a3d94836f40b2b557","1","No"
"0x2982cec331b781defd2f3bf1aae78c53b4ed5876","1","No"
"0x2c5c715f666f45305054e4bea8627afd40232f14","1","No"
"0x2d4104aa7de71bea12980c4adad0e8bcc3eb0953","1","No"
"0x2df8063c53ebd6270acde4e996a925c531fcfdfe","1","No"
"0x2e0b873d26f6d90f347757ed0d041bc65e02a89f","1","No"
"0x2e218a9dbc931a9de514f52ea9c941d1170555ff","1","No"
"0x2f38eeeab1644739d564f5390b8c822d6f1f813b","1","No"
"0x2f47abbda4ee3744cc543b5455f7f4f04af2cee8","1","No"
"0x3025430ae8a81cd13e3d0969b1093f8d82bbbd7d","1","No"
"0x303052148a78a692d7aa89bad454f3e91785488d","1","No"
"0x305f6430053de873d7a1950bda9af17b33a7617a","1","No"
"0x3063e605317b000d849c25342f7f58478ebe315e","1","No"
"0x306ebe8357cf941e1b870a1ba6a60aa9668805d2","1","No"
"0x30f8b2aed7c6af4d97154e43903701d1ecb8f736","1","No"
"0x32cabeda98a9f11df73e6e2402128546baccc97b","1","No"
"0x338ad1918362025f34b3701dac1e9648e8e8268f","1","No"
"0x3455fe74e224ebeebd2ecb565a53ea85b10a1e72","1","No"
"0x34bbcf2729f6fbd34de18fc33e81a00dcb8b6495","1","No"
"0x35764fd659509f60c9531f27fdb5305f85a1398b","1","No"
"0x37438ee973de2942067b48036c2341a23bd19290","1","No"
"0x3745c10caab13b2f8e8c371c98aa145bd6707802","1","No"
"0x374c5caa53a1418113f9b96098ad631678b864f8","1","No"
"0x3765fc1dd77de1edfaf03b4941d95983df2a5336","1","No"
"0x37849d8e78e243b90e2ce0c3bb1d676baa740f65","1","No"
"0x37b0e438a14a4f6d7d54d52c7c3017921c25eb4f","1","No"
"0x39c60bae189d4ebacb6616bb20d8c3a0abd7ea85","1","No"
"0x39e96bbece84bd6cc40102598b2490840755204c","1","No"
"0x3a3355805181ba5752cb52cebe8c95c0f3ed3d61","1","No"
"0x3ad3660daee3fc15355c189919e6d0b08f63bffe","1","No"
"0x3c1cf8e31e7b6e46baa9856c8d52f8f10562389f","1","No"
"0x3c902bb7f5db6ca6a3f877b971f13f9f0c5973b0","1","No"
"0x3dc118a44e4bde24d2d62d8ead994c0acc97093f","1","No"
"0x3e569ecc7de9e14edd9c155b2c81485fb265a58c","1","No"
"0x3e86eac93a2dbb4faeb8709d77d451aeda710ef9","1","No"
"0x3ea245fc5909a55e426a2c044aa4b48a143f9819","1","No"
"0x3f454ba7f8a3f57ba28a40edcb06e59d1544d6a8","1","No"
"0x408e68023e12bfc7d29ca7d3656395d3de0749e0","1","No"
"0x40ab08eb04a6be426957cd3012923d5d04363479","1","No"
"0x4181d4fd454d38d25e49db79f56fef1ad269ee70","1","No"
"0x41bd9ede67476deff711c1ddbd702b741dcc23d8","1","No"
"0x41cf592e872a21f74f87c8892ab72ecc7c873537","1","No"
"0x42ebecf5cdf748e1e6fed68c055a76d976ee40b1","1","No"
"0x4329a0d5f9f122d12d2fa3b6a9f22223dabf9539","1","No"
"0x44100f73c1d2bd44ba2db2ba180e9be585ff8641","1","No"
"0x45e2c1b07cce6c0c361bb420c13fa0c6154981e9","1","No"
"0x461ae8c33224aceb7f1259095dd2a334ad20f322","1","No"
"0x4641b1cde1adbb7b8277be4ec1af6eb33ac0dadf","1","No"
"0x478087e12db15302a364c64cdb79f14ae6c5c9b7","1","No"
"0x478849da9c519ded12d04ec6e896af6adf3cdd73","1","No"
"0x486b93068f8c9f8fc41e46ad22e4170852618e15","1","No"
"0x487c94ab0c95db758891fe63495e47bd43a91c27","1","No"
"0x49d87bdfe8c6c90c126fe7c358cdb52e87e501a2","1","No"
"0x4ac5ed4b31f4f0e16bd96bf2d9f96200d7c266af","1","No"
"0x4ad818a7b5eceea39d42dcd1cd75ecab3bfed6a4","1","No"
"0x4b191bf8b1046219b8b2c6951ef221575d8cf4e9","1","No"
"0x4d00af255c2886da69287c6fadf059ac874e1933","1","No"
"0x4dab65bb20d0536ebcc025f49457fe2c3ddc7cae","1","No"
"0x4f45ede6ca5c53ffa7f8a34a2f99a74dfe340c6b","1","No"
"0x4fccb7f46fa34bf24703a5382379139164b20ce7","1","No"
"0x5175d0b486bea85f81790b4f2ea9a2ecdd2bb968","1","No"
"0x51e9047a6bbec3c2a4c03c27382381b129e99e0e","1","No"
"0x52e9b75dd9e52390e8a7d38a5c81981a2cf710e7","1","No"
"0x530cf036ed4fa58f7301a9c788c9806624cefd19","1","No"
"0x53183f92cd9a57295b754677d849aa4bd9fbb90a","1","No"
"0x53ea900016c9b63f7fba97ed8c6ec87a0c6f497e","1","No"
"0x549b33a7b945bf854b13bbafa75b7d054bec4f54","1","No"
"0x5576d6d2bf1f1f6e7db42961c64d0f1a54fd0f47","1","No"
"0x558bc05e6aacac3dda96c43fcd242a11afd3865c","1","No"
"0x5805f982e1b16775f0e286f6653f95683b552808","1","No"
"0x589d7b427813268ae33528d648d65dc9fd031f2c","1","No"
"0x58d0f3da9c97de3c39f481e146f3568081d328a2","1","No"
"0x5a384227b65fa093dec03ec34e111db80a040615","1","No"
"0x5a6e40b29bf20e4f60e7becb571af5ad5796a3c4","1","No"
"0x5ac99b44512c07fc425f07a0ab4b1451c6c5dc90","1","No"
"0x5acce70cae148b520ff36dcf177ee78ba54ebc04","1","No"
"0x5b4255f1471199424e9f6fab6acd845c98746570","1","No"
"0x5b7f59ce1653ce3e672e470984cfa4bf8990605b","1","No"
"0x5bad9ff92dd07bca437f8da37491f99a65453c75","1","No"
"0x5bbb8b2b9b1ec756cb4f65eb53e219a7d39f4578","1","No"
"0x5f1af071119f472edea7f454f9d8ed9736a4dc17","1","No"
"0x5f79f8a114d2a8a1b39d851edcc2bd232986e994","1","No"
"0x60d38778adbbeeac88f741b833cbb9877228eea0","1","No"
"0x63b1335b3411c0a010b1029a71eeb21a7d4a05fc","1","No"
"0x646627bd4dab9fc82d53dfb402d9e3057f174a07","1","No"
"0x64c971d7e3c0483fa97a7714ec55d1e1943731c7","1","No"
"0x6756db92db2e138ee09c1264bfacc7ef645a7bb0","1","No"
"0x6853a596d6d7264d3622546da3b891b6fe17eb82","1","No"
"0x68799b81c7bfca8c661197645755ac33da8ef4ff","1","No"
"0x691fa877fab19ea70f71e49c7fb0bb56bd92c7f3","1","No"
"0x69541553eeb8455805a9e95f4ba9b8e701bea828","1","No"
"0x696305fc6aa29accfa5916bbc31ac8c15cf2d116","1","No"
"0x6a0af60c1906cc788d301acfcbf4b8b54e4a9a10","1","No"
"0x6aaaf98e8522491bc1006cd8cf95515220144dd3","1","No"
"0x6ab880afd1e0c7786cc5d05f4fd9b17761768da8","1","No"
"0x6bf97f2534be2242ddb3a29bfb24d498212dcded","1","No"
"0x6df599f0a940fb2052aea2a352e14cdbca33f330","1","No"
"0x6fd155b9d52f80e8a73a8a2537268602978486e2","1","No"
"0x71356112b4ebe1cd2d0caf59d437bb70574e22da","1","No"
"0x72703b554a7089f93ff1fc6cc6c0e623900a7b80","1","No"
"0x72774bc572ef9a2dff47c3f8cc200dc2fe3830c0","1","No"
"0x72d0455d25db9c36af5869bbf426312ba923c643","1","No"
"0x7487c30423e53cbb310e1fb798fb9a020c82ab4d","1","No"
"0x74fe898636e0706872ad444d5772d134ab7730e9","1","No"
"0x762da606029d3120735aa1eec15464e265db7a3c","1","No"
"0x774424fc963ce3baeb1b8ac2337620b7960a1cae","1","No"
"0x77a7276609757358a2efcaf65e74d34d4a18acd0","1","No"
"0x7895e668bd43c9623af538f274c06cb22cbc74f2","1","No"
"0x7a97484f57d98a62b0195d79b9600624744de59c","1","No"
"0x7ac8882faca42db885424c1a0ff233020192ea37","1","No"
"0x7beed30332656ca4220cb2ce8e4508fb18013e8d","1","No"
"0x7ce438bf068c8f47f0f46cb7891fc7fd0956f117","1","No"
"0x7d196a21c16ecdc92a11009d0f14b6e349a509ae","1","No"
"0x7d438bf6567673867480b7923669bf349e6c8c12","1","No"
"0x7e30c4cffdbe6df08cd258ee723d1fcd8d234b4f","1","No"
"0x807333d340bc58c6ae3353b5a33e5b1bda438a03","1","No"
"0x809fa673fe2ab515faa168259cb14e2bedebf68e","1","No"
"0x80b6309c1e60d227691d194f6063c487d8dbf010","1","No"
"0x81dde1be69f32e25a3727351a4d12569310a2fe7","1","No"
"0x824aa62501268be123d3ab05100bf5367e581ccf","1","No"
"0x827afaaa90c6952b77eeaa517ae252794969703b","1","No"
"0x82a577247194c57662e1789df5cbaf9e49ebc97f","1","No"
"0x82b16206e6d54ec145835720e13c43ecdb57b814","1","No"
"0x83e81d747529f0eb6145b149c438ab7f9bbd651c","1","No"
"0x841f3a12d45651c21ecfa26546c9e77f5ff4fe80","1","No"
"0x84957e6c9f6ccfed9c35c850c3903732ed90858a","1","No"
"0x84ecd8bae0fff81b722a24d4e00b010bd02691d4","1","No"
"0x861bff8cf234b83c10c2ef4d4ca260408108ebf3","1","No"
"0x8665f7ceadfbff09e2cc572f7a6e43198d87ff88","1","No"
"0x86b13937a11a62774deface4bfa79f8066a95fb0","1","No"
"0x86caca801061ac1f9bed503e3703b0f276b48808","1","No"
"0x885fc34833eb04167faebb0c97b690155cb3b484","1","No"
"0x88bc10fcbf8412aea681024103aa56ec99015dbc","1","No"
"0x88db7628f124fb389d96421f48d351e06ea30716","1","No"
"0x8919014b0f6746407ce40670737bf8aab96f8124","1","No"
"0x89eb973e148a790b48aea5bf575270bd502cfb28","1","No"
"0x8b58750df7d41f91a281a496e160a827fdc4de0a","1","No"
"0x8b7adc43153bcfae98ab20ce9fff23331f542387","1","No"
"0x8bdf6b52959581c0a8f4e99fa71b2225dc691814","1","No"
"0x8c2e67bd3d0f432ef75d9ae6623cd0dfbce66050","1","No"
"0x8c3a0222d2302b5953dac3abbd675182ef989dbc","1","No"
"0x8dbe504da0f8e1c6ae9643ebca2ad7a7477e5c08","1","No"
"0x8ebc893032ea3742455663c0f47cf2ba2685f02e","1","No"
"0x8efe0c9face897246a7b7c5274a32f1721b30fe8","1","No"
"0x9007a779900efbec62fca7323c61a3c7856a68b9","1","No"
"0x904d645a128c94b6d5dbc73b1aefdf5d487b71fa","1","No"
"0x90c8db51dedcb934ec7d8c2d3001a26c7c5934a7","1","No"
"0x91d8acec761d0c377e4ce43b9898a7bba3a50e2e","1","No"
"0x92fab452e2f14c7730f79031906e06326c916946","1","No"
"0x937271124746682e19bdd13ae3fb4801c6ca221d","1","No"
"0x93a7c46443901c2ea2fc1263a4d076f470695d3a","1","No"
"0x940a37b11ac6470ce12534e95218c06df5bd7244","1","No"
"0x94fa0e817004844f358d5aadaac45b61d444e6cb","1","No"
"0x953cbe68ed9f02c2c55f29773aa55850a36c4007","1","No"
"0x954149c9febade512b1b6c5645bc7aad04053a58","1","No"
"0x9627a6cc1c12f78cc34ef3f09222e7d5ec1b40dc","1","No"
"0x96d80fdec427117b5bed01bd24fb3c960487e872","1","No"
"0x97916e27632ec5f1f4c549ba7bf4c8850344a32b","1","No"
"0x9792431b26026cc67117ff610ae4eb34cacd0755","1","No"
"0x9833de3640cbb43c2fad96e2867a6a983e7b28aa","1","No"
"0x98b46bb8923d293767f50301de0b0c158ae3faa6","1","No"
"0x98d562c7a4781e3e6c0d16f67469b0a3b0cb25c7","1","No"
"0x9954154fb679105b06f16acad24c2fc159c4248e","1","No"
"0x9a5319f3b5fb36db122a8aad9f7b8bbcab6da5eb","1","No"
"0x9a9c32a37e5c147159891e94d897f54c74dba368","1","No"
"0x9c99ad2a55f712737b1f9f94a44c8f1481e6b6ca","1","No"
"0x9d2f052b8db2163b4cc6b7897f435035c1cea92b","1","No"
"0x9d3f10f5d553dda3f36e09ab0c3c757ba99e8894","1","No"
"0x9dc7c324b57123128cd772a989f9186cb66419a0","1","No"
"0x9e72ab480b8c7997e7746d28520733c53245c470","1","No"
"0x9eedbfcffa62587fa5e17d1f556d17308c4a049a","1","No"
"0xa08435bea77a8a68c51c1d4e9b455273b0760712","1","No"
"0xa19de6dec591d1793b438eca85fbd01a759421ea","1","No"
"0xa2230ff97c8bc01f411ce904fb633b3db3f52ce0","1","No"
"0xa25803ab86a327786bb59395fc0164d826b98298","1","No"
"0xa289364347bfc1912ab672425abe593ec01ca56e","1","No"
"0xa38ef14de063c97749e48044de17fe6cbb070a81","1","No"
"0xa3b711752f08980f4a71777217fa81304aeb8ee7","1","No"
"0xa3ebacb6e44b96be928255b641f9a8db9f3c7710","1","No"
"0xa4ad045d62a493f0ed883b413866448afb13087c","1","No"
"0xa5abb09c179e155f2e283b6f876614b3d4d1230d","1","No"
"0xa76697980386e5bdbe3b695c8e2233798c5b8086","1","No"
"0xa797d5c40a815c4f8ae9b2d3b45a3e2dc90a868d","1","No"
"0xa7b33cd26f27f1c6b709db5cae442e42387ba69a","1","No"
"0xa88e4a192f3ff5e46dcc96efefb38dfec7bb250c","1","No"
"0xa8d1f5bc680504ddc41b2bc7007e413c3c01221a","1","No"
"0xab3627317c43d394eb171170f818153b976d28a3","1","No"
"0xac739b20a680355376da43337e7afb0745525faa","1","No"
"0xad7e768df5a3e0724188866b229dc4eab82289b8","1","No"
"0xadbf22efb2442687e2d59f730238512a7612c207","1","No"
"0xae9572ef8fd0f47e7e0c7c541059291e330de693","1","No"
"0xaeb169eefbc543e553a31e5b42fb829443981f9f","1","No"
"0xafb4c8f853b65f493830bc9fdf6cdaad19a932f3","1","No"
"0xb01b31f8ebdf2ba6371b9d8cdca8b9cbe06face7","1","No"
"0xb0574dbfdc96d17c7404c2d7c65c9f7bcea11e76","1","No"
"0xb278ada59e7af95a0c3de7699d8946b853f1e38a","1","No"
"0xb3a5a580cf44c56b318490a52dbc5c83d315cdc2","1","No"
"0xb440d55d052e42e69784b5a6ba250dd15b6afacb","1","No"
"0xb47ebe89272c9e35b272885baecfa9173ed7a2d7","1","No"
"0xb4bdfc3108916879653835d3ea95d1ddb89a4296","1","No"
"0xb648699e19745ef008fc9add855715b2734215f0","1","No"
"0xb78b708b810db3d9dcdcd74287eb825446a298ca","1","No"
"0xb89c2f6bb674bd6aace2a1e274d40e6dc4775b15","1","No"
"0xb98d10d9f6d07ba283bfd21b2dfec050f9ae282a","1","No"
"0xbabe8448be58508eff6d9aa24af7ed5e32fdc273","1","No"
"0xbbbfc46566e5f0302cef913af8c8f423070ce6a1","1","No"
"0xbc2c67a59ec004d7127a63f0f99275e31b4883cf","1","No"
"0xbd7a95bb0e34dc485a83d99cfc2719e33c7797ff","1","No"
"0xc0029de9dd98c1d98cdc6f8038cab8a4db016553","1","No"
"0xc023b4c45cbe38f9f2b90a3f2bb94330c0909d7b","1","No"
"0xc05ed3743d87bee34b76792d28347478015d7754","1","No"
"0xc0c8ccd29f5b8bd38812e331947ee40ccf7695bc","1","No"
"0xc0f030eac8b588817f8da16b9a2cdccc6451b25c","1","No"
"0xc11e5eafee15b4ff5b1bd8b743746b5089eb7a97","1","No"
"0xc14bccb7893673292fb3d2073fd398ccdb4780dc","1","No"
"0xc24f65252b5c40607918327e338911d5444197e5","1","No"
"0xc26dde2197e57159d1f3634c507ce3dcd3d322e1","1","No"
"0xc35424abcef04aa6983ef048ff11fbdabee10cbe","1","No"
"0xc47c0be8b55c2affe2bc1f925dd7a18f10614a07","1","No"
"0xc4eab1eaacbf628f0f9aee4b7375bde18dd173c4","1","No"
"0xc55d765bbd35e495ea519f0a170dedd30363e114","1","No"
"0xc5e08104c19dafd00fe40737490da9552db5bfe5","1","No"
"0xc62665f239a53f3c46b01369218cf075759671f0","1","No"
"0xc68092e6a9fcf32b1e1e3bba0e9132b6005599a1","1","No"
"0xc68bba423525576c7684e7ea25e7d5f079b1361e","1","No"
"0xc82b9cac090a6e8737a77c1eae4c6eb282130bb0","1","No"
"0xc854d060576d386877dc88bf17088217f0833a49","1","No"
"0xc88b963239b6918f74c3298bb1dc079b92671e42","1","No"
"0xc8a974a97f6a7f57b6ce09aed5905d5547039f11","1","No"
"0xc8c5083ce5b9447a8b2f0b7025307bb01ae3c59e","1","No"
"0xc8cce8cac93a010b02e3b7e4e083b0465b1d36f2","1","No"
"0xca11d10ceb098f597a0cab28117fc3465991a63c","1","No"
"0xca25290dd20d47defccfbe6a11a009c36b6802ac","1","No"
"0xcaed26dc97c84a1dd7e5f5f2e42566935dfadb2a","1","No"
"0xcafc538c5d96d50034573d7d992279875c06b722","1","No"
"0xcb7e9e305fa4afa4cf5b414120c560ad3ed75a53","1","No"
"0xcc4e30f53793037ce6540f88dc8d6509360b6fed","1","No"
"0xcc7011921df599cbad83777106a267e340474693","1","No"
"0xcc971aadcea59fdc86ea521bc1780be49250f58e","1","No"
"0xcdb14c2af4d11458ef5694bf00e5ba02c4e16a5e","1","No"
"0xd0c877b474cd51959931a7f70d7a6c60f50cdae7","1","No"
"0xd0d3189ad4f6d0d040c5c9b572722afaa480c604","1","No"
"0xd16e1172a4d33e46e94b2e2ff96b7c87489b7f67","1","No"
"0xd16fd59e694dbb831050dfbbc18f375d837c3288","1","No"
"0xd1b06286f759cd9e1c140c6311ff8f2816167e65","1","No"
"0xd1b856ee12bd00922cae8dd86ab068f8c0f95224","1","No"
"0xd3d602c52ff68efb5e95c6db3f53b394ba411cce","1","No"
"0xd5094cff64c49ac574a1fdfc83003c8821428d35","1","No"
"0xd6454001da95ebf68eaa3cffbe95f2b1100d0327","1","No"
"0xd6527cab3fe73e96f23b7f6bb041af0ae124d917","1","No"
"0xd8d157a111e42e93ad72ddc68930ca72a3d814a0","1","No"
"0xd9ff1fbd68e910392dc404f8df0fcd23a64921c3","1","No"
"0xda1d4bd894709dbd9a140c05bdaedd19afe7fb00","1","No"
"0xdaa0f636d3a1d70d9493d0c8ea71fd45c54e4092","1","No"
"0xdbb59151b18dd72e9ac092706e93de5b5d7a9325","1","No"
"0xdde3ca351d85a4b4cc6aff8d42c0840959859053","1","No"
"0xdde47a1a9fdddbe685f161fda23a312f3b3e6fa8","1","No"
"0xde2ba4137523c32530e55597e34498b4371c51ee","1","No"
"0xde6ab16a4015c680daab58021815d09ddb57db8e","1","No"
"0xdf15d80b5e46f7d90b20d75bfbdade448e49442a","1","No"
"0xdfc70f5205a2bc1bd44219fd852d720d7a36c5b8","1","No"
"0xdfea4be32b1f777d82a6389a0d4f399569c46202","1","No"
"0xe001891949372e1aa33c50c7ea19568be32ecde7","1","No"
"0xe006ee7202842e0090896f8ffe999385dc74e93a","1","No"
"0xe04885c3f1419c6e8495c33bdcf5f8387cd88846","1","No"
"0xe0b7fc12b6829880aaade5b33c92eb3b592e3f15","1","No"
"0xe14c5a6b8181d48aa971b4983a1fd6df48201571","1","No"
"0xe23031d8cb0be7025eb647c23138b628284f6495","1","No"
"0xe23e1c75e1f2be528c8f0875cc10a90259e4914d","1","No"
"0xe3d268ffe631737269feca32b2e2d5df58995670","1","No"
"0xe40942e00301a339900d8620667c6bf39a860b3d","1","No"
"0xe525a8ec70869d9bd084344e318c99ad43e62f8e","1","No"
"0xe5cf1bb88a59f9fc609689c681d1d14bfe7ce73a","1","No"
"0xe6d13e9f642370be13fc11e0cff8ea25dce9d203","1","No"
"0xe6f7ffc5dcedc6fe25bf424a271cf548b6178fa0","1","No"
"0xe78740204d52f87f15f8a2f9b957c42f58b52186","1","No"
"0xe7c51d4be6f58aa81dcccebec9e31f1852705c81","1","No"
"0xe811f02418646ae93f540ed2877a487be85dd842","1","No"
"0xe84eb5f8ac725a2efd9018fe9bfb50b34a27e3ed","1","No"
"0xe96a1b303a1eb8d04fb973eb2b291b8d591c8f72","1","No"
"0xe9822f18f2654e606a8dff9d75edd98367e7c0ae","1","No"
"0xeae448e1537aa3c6b2a37e2ab26bba7ca2de9436","1","No"
"0xeb6eb4d556fada7d0380e0171203e229c13756ef","1","No"
"0xec9030d50fd677bb3da34a613f60763e230ce541","1","No"
"0xee5c256721abe58af6f582c0efd6774dd2765038","1","No"
"0xefce6d09a34ac5e36fdc22f203f78515d4b31926","1","No"
"0xf0b425ae116373c5ffe1f372abe460d3a4f9201b","1","No"
"0xf0bdd06c1b37cc04618148b0b9d4ea966873fb0b","1","No"
"0xf1b9afb60d2feff30fd590b09cbc624ab9dfecd2","1","No"
"0xf22742f06e4f6d68a8d0b49b9f270bb56affab38","1","No"
"0xf24bc9c899e71708b5d076714408465b6c203a46","1","No"
"0xf3b406f0e3a47a3d2801d5d669fbbdbee8098f0f","1","No"
"0xf3d9281fa183b74f32b96e1c5244596045f4ede8","1","No"
"0xf673625a17f40cce438d49afca7cb4a30ac3002a","1","No"
"0xf688e3ec922886ff2384e5407eba398106015306","1","No"
"0xf6fdee29e3a14610fdbe187e2d3442543cfa45b8","1","No"
"0xf8797c56d27863c81240bf7f9d158519229397d5","1","No"
"0xf896fe281abdc45d6b8688c0724c6e9ec0db0e01","1","No"
"0xfad0ea578c6c63fe495dc0ef9cf73fc2c69e1f47","1","No"
"0xfc4a0b20d2143e149bcd54b074db5aef461ea516","1","No"
"0xfc601a22132386bb6608b4ce863da0b3f5481018","1","No"
"0xfcad2eb79692c2aa0bcbaf3d3e29615dda94fe6d","1","No"
"0xfcca6795934528041f9f8d09883b2f2fb6806b65","1","No"
"0xfd385556ebf6b183380afcd61efd8194d0d46520","1","No"
"0xfde139e04963094650baad2686ca65a0cf04373c","1","No"
"0xfdf82b1c1a9065cd0e42a6c67826ce93f8e067f4","1","No"
"0xfea62440ca9c4c76b6cbb57d51053fa35faf03e5","1","No"
"0xff38e4aad22658ad243de79fec902c4e08e8e4c0","1","No"
"0xff6ddb157773197c31a834f6a294c7d0c0abc79f","1","No"
"0xffe59bd3c483a7d099599ec7a2748b6beafe485d","1","No"
